사번,성명,부서,팀명,직명,업무명
20000001,권지안,IT기획부,,부장,IT기획부 총괄
20050002,윤은서,IT기획부,IT전략팀,팀장,IT전략팀 총괄
20100003,안유준,IT기획부,IT전략팀,차장,IT 중장기 전략 수립
20140004,김지우,IT기획부,IT전략팀,과장,IT 성과관리(KPI)
20190005,장예은,IT기획부,IT전략팀,대리,IT 투자 심의
20190006,신서연,IT기획부,IT전략팀,주임,IT 중장기 전략 수립
20010007,황서윤,IT기획부,IT거버넌스팀,팀장,IT거버넌스팀 총괄
20060008,홍지훈,IT기획부,IT거버넌스팀,차장,IT 변경관리 시스템 운영
20150009,박연우,IT기획부,IT거버넌스팀,과장,IT 프로젝트 관리(PMO)
20180010,한하준,IT기획부,IT거버넌스팀,대리,IT 내부통제 점검
20190011,이채원,IT기획부,IT거버넌스팀,주임,IT 변경관리 시스템 운영
19980012,안다은,디지털플랫폼부,,부장,디지털플랫폼부 총괄
20000013,안지훈,디지털플랫폼부,API플랫폼팀,팀장,API플랫폼팀 총괄
20080014,조나연,디지털플랫폼부,API플랫폼팀,차장,API Gateway 운영
20120015,강다은,디지털플랫폼부,API플랫폼팀,과장,오픈API 개발
20140016,송유준,디지털플랫폼부,API플랫폼팀,과장,API 트래픽 제어(Rate Limiting)
20160017,장지민,디지털플랫폼부,API플랫폼팀,대리,API Gateway 운영
20190018,이지안,디지털플랫폼부,API플랫폼팀,주임,오픈API 개발
20040019,황성민,디지털플랫폼부,모바일개발팀,팀장,모바일개발팀 총괄
20090020,장현우,디지털플랫폼부,모바일개발팀,차장,모바일뱅킹 앱 개발
20120021,김민서,디지털플랫폼부,모바일개발팀,과장,모바일 생체인증 연동
20170022,조예린,디지털플랫폼부,모바일개발팀,대리,모바일 앱 배포 관리
20190023,한수아,디지털플랫폼부,모바일개발팀,주임,모바일뱅킹 앱 개발
20060024,정수빈,디지털플랫폼부,인증서비스팀,팀장,인증서비스팀 총괄
20070025,홍현우,디지털플랫폼부,인증서비스팀,차장,통합인증(SSO) 개발
20120026,권다은,디지털플랫폼부,인증서비스팀,과장,토큰·세션 관리
20140027,황도윤,디지털플랫폼부,인증서비스팀,과장,MFA 인증 운영
20150028,임현우,디지털플랫폼부,인증서비스팀,대리,인증서(공동·민간) 연동
20160029,이건우,디지털플랫폼부,인증서비스팀,대리,통합인증(SSO) 개발
20220030,장지안,디지털플랫폼부,인증서비스팀,주임,토큰·세션 관리
19970031,이도윤,IT인프라부,,부장,IT인프라부 총괄
20020032,박재원,IT인프라부,클라우드팀,팀장,클라우드팀 총괄
20040033,오민준,IT인프라부,클라우드팀,차장,클라우드 인프라 운영
20100034,조준혁,IT인프라부,클라우드팀,과장,쿠버네티스 플랫폼 운영
20190035,서연우,IT인프라부,클라우드팀,대리,CI/CD 파이프라인 운영
20210036,신주원,IT인프라부,클라우드팀,주임,클라우드 인프라 운영
20050037,한혜원,IT인프라부,시스템운영팀,팀장,시스템운영팀 총괄
20090038,이혜원,IT인프라부,시스템운영팀,차장,계정계 시스템 운영
20120039,오수빈,IT인프라부,시스템운영팀,과장,레거시 연동(EAI) 운영
20120040,김하은,IT인프라부,시스템운영팀,과장,장애 대응·Circuit Breaker 설계
20190041,박승현,IT인프라부,시스템운영팀,대리,계정계 시스템 운영
20210042,송예준,IT인프라부,시스템운영팀,주임,레거시 연동(EAI) 운영
20040043,송나연,IT인프라부,데이터베이스팀,팀장,데이터베이스팀 총괄
20100044,조지안,IT인프라부,데이터베이스팀,차장,DB 운영
20100045,최하준,IT인프라부,데이터베이스팀,과장,데이터 정합성 검증
20190046,장민서,IT인프라부,데이터베이스팀,대리,데이터 이관
20220047,최유준,IT인프라부,데이터베이스팀,주임,DB 운영
20040048,강수빈,IT인프라부,네트워크팀,팀장,네트워크팀 총괄
20040049,박가은,IT인프라부,네트워크팀,차장,네트워크 운영
20100050,강예린,IT인프라부,네트워크팀,과장,TLS 인증서 관리
20190051,박선우,IT인프라부,네트워크팀,대리,방화벽 정책 관리
20200052,박준혁,IT인프라부,네트워크팀,주임,네트워크 운영
19990053,김지유,정보보호부,,부장,정보보호부 총괄
20020054,이민서,정보보호부,보안정책팀,팀장,보안정책팀 총괄
20100055,강소윤,정보보호부,보안정책팀,차장,정보보호 정책 수립
20150056,신윤서,정보보호부,보안정책팀,과장,접근통제 정책 관리
20180057,한채원,정보보호부,보안정책팀,대리,보안성 심의
20240058,신나연,정보보호부,보안정책팀,주임,정보보호 정책 수립
20040059,류나연,정보보호부,보안관제팀,팀장,보안관제팀 총괄
20050060,류채원,정보보호부,보안관제팀,차장,보안관제 운영
20150061,최정우,정보보호부,보안관제팀,과장,접근 로그 관리·보관
20140062,홍민서,정보보호부,보안관제팀,과장,침해사고 대응
20180063,김예은,정보보호부,보안관제팀,대리,보안관제 운영
20230064,송수아,정보보호부,보안관제팀,주임,접근 로그 관리·보관
20050065,정하은,정보보호부,보안기술팀,팀장,보안기술팀 총괄
20060066,김승현,정보보호부,보안기술팀,차장,암호화·키관리(HSM)
20130067,오예준,정보보호부,보안기술팀,과장,취약점 점검
20110068,안정우,정보보호부,보안기술팀,과장,모의해킹
20190069,안하준,정보보호부,보안기술팀,대리,암호화·키관리(HSM)
20230070,신유준,정보보호부,보안기술팀,주임,취약점 점검
20040071,신지우,정보보호부,개인정보보호팀,팀장,개인정보보호팀 총괄
20050072,오연우,정보보호부,개인정보보호팀,차장,개인정보 안전조치 점검
20110073,윤혜원,정보보호부,개인정보보호팀,과장,개인정보 영향평가
20100074,이승현,정보보호부,개인정보보호팀,과장,개인정보 암호화 기준 관리
20180075,홍유준,정보보호부,개인정보보호팀,대리,개인정보 안전조치 점검
20200076,류민서,정보보호부,개인정보보호팀,주임,개인정보 영향평가
20000077,오나연,준법감시부,,부장,준법감시부 총괄
20040078,최주원,준법감시부,IT준법팀,팀장,IT준법팀 총괄
20100079,정준혁,준법감시부,IT준법팀,차장,전자금융감독규정 준수 검토
20130080,오준혁,준법감시부,IT준법팀,과장,IT 준법감시 사전 승인
20110081,홍다은,준법감시부,IT준법팀,과장,금융규제 대응
20190082,윤하은,준법감시부,IT준법팀,대리,전자금융감독규정 준수 검토
20220083,윤예린,준법감시부,IT준법팀,주임,IT 준법감시 사전 승인
20030084,한민준,준법감시부,법무지원팀,팀장,법무지원팀 총괄
20060085,신시우,준법감시부,법무지원팀,차장,IT 법령 해석 지원
20110086,강유준,준법감시부,법무지원팀,과장,전자서명법 검토
20180087,장주원,준법감시부,법무지원팀,대리,IT 계약 검토
20240088,류승현,준법감시부,법무지원팀,주임,IT 법령 해석 지원
19990089,조민서,경영지원부,,부장,경영지원부 총괄
20060090,최우진,경영지원부,계약관리팀,팀장,계약관리팀 총괄
20080091,최시우,경영지원부,계약관리팀,차장,계약 체결·계약대장 관리
20130092,신지훈,경영지원부,계약관리팀,과장,견적·예정가격 산정
20120093,김선우,경영지원부,계약관리팀,과장,수의계약·입찰 평가 관리
20180094,안재원,경영지원부,계약관리팀,대리,계약 체결·계약대장 관리
20230095,안선우,경영지원부,계약관리팀,주임,견적·예정가격 산정
20050096,최재원,경영지원부,재무팀,팀장,재무팀 총괄
20080097,류지유,경영지원부,재무팀,차장,예산 편성·조정
20110098,강지유,경영지원부,재무팀,과장,대금 지급·선급금 관리
20180099,박하은,경영지원부,재무팀,대리,투자계획·자산대장 관리
20200100,최윤서,경영지원부,재무팀,주임,예산 편성·조정
